date,amount
2024-01-01,88.11
2024-01-01,-19.48
2024-01-01,-10.85
2024-01-02,91.22
2024-01-02,-23.96
2024-01-02,-15.70
2024-01-02,-20.44
2024-01-03,94.33
2024-01-03,-27.44
2024-01-03,-20.55
2024-01-04,97.44
2024-01-04,-31.92
2024-01-04,-25.40
2024-01-04,-32.88
2024-01-05,100.55
2024-01-05,-35.40
2024-01-05,-30.25
2024-01-06,103.66
2024-01-06,-39.88
2024-01-06,-35.10
2024-01-06,46.32
2024-01-07,106.77
2024-01-07,-43.36
2024-01-07,-40.95
2024-01-08,109.88
2024-01-08,-47.84
2024-01-08,-45.80
2024-01-08,-56.76
2024-01-09,112.99
2024-01-09,-51.32
2024-01-09,-50.65
2024-01-10,115.10
2024-01-10,-55.80
2024-01-10,-55.50
2024-01-10,-68.20
2024-01-11,118.21
2024-01-11,-59.28
2024-01-11,-5.35
2024-01-12,121.32
2024-01-12,-63.76
2024-01-12,-10.20
2024-01-12,-10.64
2024-01-13,124.43
2024-01-13,-67.24
2024-01-13,-15.05
2024-01-14,127.54
2024-01-14,-71.72
2024-01-14,-20.90
2024-01-14,-22.08
2024-01-15,130.65
2024-01-15,-75.20
2024-01-15,-25.75
2024-01-16,133.76
2024-01-16,-79.68
2024-01-16,-30.60
2024-01-16,106.52
2024-01-17,136.87
2024-01-17,-83.16
2024-01-17,-35.45
2024-01-18,139.98
2024-01-18,-87.64
2024-01-18,-40.30
2024-01-18,-46.96
2024-01-19,142.09
2024-01-19,-91.12
2024-01-19,-45.15
2024-01-20,145.20
2024-01-20,-95.60
2024-01-20,-50.00
2024-01-20,-58.40
2024-01-21,148.31
2024-01-21,-99.08
2024-01-21,-55.85
2024-01-22,151.42
2024-01-22,-103.56
2024-01-22,-5.70
2024-01-22,-70.84
2024-01-23,154.53
2024-01-23,-107.04
2024-01-23,-10.55
2024-01-24,157.64
2024-01-24,-16.52
2024-01-24,-15.40
2024-01-24,-12.28
2024-01-25,160.75
2024-01-25,-20.00
2024-01-25,-20.25
2024-01-26,163.86
2024-01-26,-24.48
2024-01-26,-25.10
2024-01-26,36.72
2024-01-27,166.97
2024-01-27,-28.96
2024-01-27,-30.95
2024-01-28,169.08
2024-01-28,-32.44
2024-01-28,-35.80
2024-01-28,-36.16
2024-01-29,172.19
2024-01-29,-36.92
2024-01-29,-40.65
2024-01-30,175.30
2024-01-30,-40.40
2024-01-30,-45.50
2024-01-30,-48.60
2024-01-31,178.41
2024-01-31,-44.88
2024-01-31,-50.35
2024-02-01,181.52
2024-02-01,-48.36
2024-02-01,-55.20
2024-02-01,-60.04
2024-02-02,184.63
2024-02-02,-52.84
2024-02-02,-5.05
2024-02-03,187.74
2024-02-03,-56.32
2024-02-03,-10.90
2024-02-03,-72.48
2024-02-04,190.85
2024-02-04,-60.80
2024-02-04,-15.75
2024-02-05,193.96
2024-02-05,-64.28
2024-02-05,-20.60
2024-02-05,96.92
2024-02-06,196.07
2024-02-06,-68.76
2024-02-06,-25.45
2024-02-07,199.18
2024-02-07,-72.24
2024-02-07,-30.30
2024-02-07,-26.36
2024-02-08,202.29
2024-02-08,-76.72
2024-02-08,-35.15
2024-02-09,205.40
2024-02-09,-80.20
2024-02-09,-40.00
2024-02-09,-38.80
2024-02-10,208.51
2024-02-10,-84.68
2024-02-10,-45.85
2024-02-11,211.62
2024-02-11,-88.16
2024-02-11,-50.70
2024-02-11,-50.24
2024-02-12,214.73
2024-02-12,-92.64
2024-02-12,-55.55
2024-02-13,217.84
2024-02-13,-96.12
2024-02-13,-5.40
2024-02-13,-62.68
2024-02-14,220.95
2024-02-14,-100.60
2024-02-14,-10.25
2024-02-15,223.06
2024-02-15,-104.08
2024-02-15,-15.10
2024-02-15,26.12
2024-02-16,226.17
2024-02-16,-108.56
2024-02-16,-20.95
2024-02-17,229.28
2024-02-17,-17.04
2024-02-17,-25.80
2024-02-17,-16.56
2024-02-18,232.39
2024-02-18,-21.52
2024-02-18,-30.65
2024-02-19,235.50
2024-02-19,-25.00
2024-02-19,-35.50
2024-02-19,-28.00
2024-02-20,238.61
2024-02-20,-29.48
2024-02-20,-40.35
2024-02-21,241.72
2024-02-21,-33.96
2024-02-21,-45.20
2024-02-21,-40.44
2024-02-22,244.83
2024-02-22,-37.44
2024-02-22,-50.05
2024-02-23,247.94
2024-02-23,-41.92
2024-02-23,-55.90
2024-02-23,-52.88
2024-02-24,250.05
2024-02-24,-45.40
2024-02-24,-5.75
2024-02-25,253.16
2024-02-25,-49.88
2024-02-25,-10.60
2024-02-25,86.32
2024-02-26,256.27
2024-02-26,-53.36
2024-02-26,-15.45
2024-02-27,259.38
2024-02-27,-57.84
2024-02-27,-20.30
2024-02-27,-76.76
2024-02-28,262.49
2024-02-28,-61.32
2024-02-28,-25.15
2024-02-29,265.60
2024-02-29,-65.80
2024-02-29,-30.00
2024-02-29,-18.20
2024-03-01,268.71
2024-03-01,-69.28
2024-03-01,-35.85
2024-03-02,271.82
2024-03-02,-73.76
2024-03-02,-40.70
2024-03-02,-30.64
2024-03-03,274.93
2024-03-03,-77.24
2024-03-03,-45.55
2024-03-04,277.04
2024-03-04,-81.72
2024-03-04,-50.40
2024-03-04,-42.08
2024-03-05,280.15
2024-03-05,-85.20
2024-03-05,-55.25
2024-03-06,283.26
2024-03-06,-89.68
2024-03-06,-5.10
2024-03-06,16.52
2024-03-07,286.37
2024-03-07,-93.16
2024-03-07,-10.95
2024-03-08,289.48
2024-03-08,-97.64
2024-03-08,-15.80
2024-03-08,-66.96
2024-03-09,292.59
2024-03-09,-101.12
2024-03-09,-20.65
2024-03-10,295.70
2024-03-10,-105.60
2024-03-10,-25.50
2024-03-10,-8.40
2024-03-11,298.81
2024-03-11,-109.08
2024-03-11,-30.35
2024-03-12,301.92
2024-03-12,-18.56
2024-03-12,-35.20
2024-03-12,-20.84
2024-03-13,304.03
2024-03-13,-22.04
2024-03-13,-40.05
2024-03-14,307.14
2024-03-14,-26.52
2024-03-14,-45.90
2024-03-14,-32.28
2024-03-15,310.25
2024-03-15,-30.00
2024-03-15,-50.75
2024-03-16,313.36
2024-03-16,-34.48
2024-03-16,-55.60
2024-03-16,76.72
2024-03-17,316.47
2024-03-17,-38.96
2024-03-17,-5.45
2024-03-18,319.58
2024-03-18,-42.44
2024-03-18,-10.30
2024-03-18,-56.16
2024-03-19,322.69
2024-03-19,-46.92
2024-03-19,-15.15
2024-03-20,85.80
2024-03-20,-50.40
2024-03-20,-20.00
2024-03-20,-68.60
2024-03-21,88.91
2024-03-21,-54.88
2024-03-21,-25.85
2024-03-22,91.02
2024-03-22,-58.36
2024-03-22,-30.70
2024-03-22,-10.04
2024-03-23,94.13
2024-03-23,-62.84
2024-03-23,-35.55
2024-03-24,97.24
2024-03-24,-66.32
2024-03-24,-40.40
2024-03-24,-22.48
2024-03-25,100.35
2024-03-25,-70.80
2024-03-25,-45.25
2024-03-26,103.46
2024-03-26,-74.28
2024-03-26,-50.10
2024-03-26,136.92
2024-03-27,106.57
2024-03-27,-78.76
2024-03-27,-55.95
2024-03-28,109.68
2024-03-28,-82.24
2024-03-28,-5.80
2024-03-28,-46.36
2024-03-29,112.79
2024-03-29,-86.72
2024-03-29,-10.65
2024-03-30,115.90
2024-03-30,-90.20
2024-03-30,-15.50
2024-03-30,-58.80
2024-03-31,118.01
2024-03-31,-94.68
2024-03-31,-20.35
2024-04-01,121.12
2024-04-01,-98.16
2024-04-01,-25.20
2024-04-01,-70.24
2024-04-02,124.23
2024-04-02,-102.64
2024-04-02,-30.05
2024-04-03,127.34
2024-04-03,-106.12
2024-04-03,-35.90
2024-04-03,-12.68
2024-04-04,130.45
2024-04-04,-15.60
2024-04-04,-40.75
2024-04-05,133.56
2024-04-05,-19.08
2024-04-05,-45.60
2024-04-05,66.12
2024-04-06,136.67
2024-04-06,-23.56
2024-04-06,-50.45
2024-04-07,139.78
2024-04-07,-27.04
2024-04-07,-55.30
2024-04-07,-36.56
2024-04-08,142.89
2024-04-08,-31.52
2024-04-08,-5.15
2024-04-09,145.00
2024-04-09,-35.00
2024-04-09,-10.00
2024-04-09,-48.00
2024-04-10,148.11
2024-04-10,-39.48
2024-04-10,-15.85
2024-04-11,151.22
2024-04-11,-43.96
2024-04-11,-20.70
2024-04-11,-60.44
2024-04-12,154.33
2024-04-12,-47.44
2024-04-12,-25.55
2024-04-13,157.44
2024-04-13,-51.92
2024-04-13,-30.40
2024-04-13,-72.88
2024-04-14,160.55
2024-04-14,-55.40
2024-04-14,-35.25
2024-04-15,163.66
2024-04-15,-59.88
2024-04-15,-40.10
2024-04-15,126.32
2024-04-16,166.77
2024-04-16,-63.36
2024-04-16,-45.95
2024-04-17,169.88
2024-04-17,-67.84
2024-04-17,-50.80
2024-04-17,-26.76
2024-04-18,172.99
2024-04-18,-71.32
2024-04-18,-55.65
2024-04-19,175.10
2024-04-19,-75.80
2024-04-19,-5.50
2024-04-19,-38.20
2024-04-20,178.21
2024-04-20,-79.28
2024-04-20,-10.35
2024-04-21,181.32
2024-04-21,-83.76
2024-04-21,-15.20
2024-04-21,-50.64
2024-04-22,184.43
2024-04-22,-87.24
2024-04-22,-20.05
2024-04-23,187.54
2024-04-23,-91.72
2024-04-23,-25.90
2024-04-23,-62.08
2024-04-24,190.65
2024-04-24,-95.20
2024-04-24,-30.75
2024-04-25,193.76
2024-04-25,-99.68
2024-04-25,-35.60
2024-04-25,56.52
2024-04-26,196.87
2024-04-26,-103.16
2024-04-26,-40.45
2024-04-27,199.98
2024-04-27,-107.64
2024-04-27,-45.30
2024-04-27,-16.96
2024-04-28,202.09
2024-04-28,-16.12
2024-04-28,-50.15
2024-04-29,205.20
2024-04-29,-20.60
2024-04-29,-55.00
2024-04-29,-28.40
2024-04-30,208.31
2024-04-30,-24.08
2024-04-30,-5.85
2024-05-01,211.42
2024-05-01,-28.56
2024-05-01,-10.70
2024-05-01,-40.84
2024-05-02,214.53
2024-05-02,-32.04
2024-05-02,-15.55
2024-05-03,217.64
2024-05-03,-36.52
2024-05-03,-20.40
2024-05-03,-52.28
2024-05-04,220.75
2024-05-04,-40.00
2024-05-04,-25.25
2024-05-05,223.86
2024-05-05,-44.48
2024-05-05,-30.10
2024-05-05,116.72
2024-05-06,226.97
2024-05-06,-48.96
2024-05-06,-35.95
2024-05-07,229.08
2024-05-07,-52.44
2024-05-07,-40.80
2024-05-07,-76.16
2024-05-08,232.19
2024-05-08,-56.92
2024-05-08,-45.65
2024-05-09,235.30
2024-05-09,-60.40
2024-05-09,-50.50
2024-05-09,-18.60
2024-05-10,238.41
2024-05-10,-64.88
2024-05-10,-55.35
2024-05-11,241.52
2024-05-11,-68.36
2024-05-11,-5.20
2024-05-11,-30.04
2024-05-12,244.63
2024-05-12,-72.84
2024-05-12,-10.05
2024-05-13,247.74
2024-05-13,-76.32
2024-05-13,-15.90
2024-05-13,-42.48
2024-05-14,250.85
2024-05-14,-80.80
2024-05-14,-20.75
2024-05-15,253.96
2024-05-15,-84.28
2024-05-15,-25.60
2024-05-15,46.92
2024-05-16,256.07
2024-05-16,-88.76
2024-05-16,-30.45
2024-05-17,259.18
2024-05-17,-92.24
2024-05-17,-35.30
2024-05-17,-66.36
2024-05-18,262.29
2024-05-18,-96.72
2024-05-18,-40.15
2024-05-19,265.40
2024-05-19,-100.20
2024-05-19,-45.00
2024-05-19,-8.80
2024-05-20,268.51
2024-05-20,-104.68
2024-05-20,-50.85
2024-05-21,271.62
2024-05-21,-108.16
2024-05-21,-55.70
2024-05-21,-20.24
2024-05-22,274.73
2024-05-22,-17.64
2024-05-22,-5.55
2024-05-23,277.84
2024-05-23,-21.12
2024-05-23,-10.40
2024-05-23,-32.68
2024-05-24,280.95
2024-05-24,-25.60
2024-05-24,-15.25
2024-05-25,283.06
2024-05-25,-29.08
2024-05-25,-20.10
2024-05-25,106.12
2024-05-26,286.17
2024-05-26,-33.56
2024-05-26,-25.95
2024-05-27,289.28
2024-05-27,-37.04
2024-05-27,-30.80
2024-05-27,-56.56
2024-05-28,292.39
2024-05-28,-41.52
2024-05-28,-35.65
2024-05-29,295.50
2024-05-29,-45.00
2024-05-29,-40.50
2024-05-29,-68.00
2024-05-30,298.61
2024-05-30,-49.48
2024-05-30,-45.35
2024-05-31,301.72
2024-05-31,-53.96
2024-05-31,-50.20
2024-05-31,-10.44
2024-06-01,304.83
2024-06-01,-57.44
2024-06-01,-55.05
2024-06-02,307.94
2024-06-02,-61.92
2024-06-02,-5.90
2024-06-02,-22.88
2024-06-03,310.05
2024-06-03,-65.40
2024-06-03,-10.75
2024-06-04,313.16
2024-06-04,-69.88
2024-06-04,-15.60
2024-06-04,36.32
2024-06-05,316.27
2024-06-05,-73.36
2024-06-05,-20.45
2024-06-06,319.38
2024-06-06,-77.84
2024-06-06,-25.30
2024-06-06,-46.76
2024-06-07,322.49
2024-06-07,-81.32
2024-06-07,-30.15
2024-06-08,85.60
2024-06-08,-85.80
2024-06-08,-35.00
2024-06-08,-58.20
2024-06-09,88.71
2024-06-09,-89.28
2024-06-09,-40.85
2024-06-10,91.82
2024-06-10,-93.76
2024-06-10,-45.70
2024-06-10,-70.64
2024-06-11,94.93
2024-06-11,-97.24
2024-06-11,-50.55
2024-06-12,97.04
2024-06-12,-101.72
2024-06-12,-55.40
2024-06-12,-12.08
2024-06-13,100.15
2024-06-13,-105.20
2024-06-13,-5.25
2024-06-14,103.26
2024-06-14,-109.68
2024-06-14,-10.10
2024-06-14,96.52
2024-06-15,106.37
2024-06-15,-18.16
2024-06-15,-15.95
2024-06-16,109.48
2024-06-16,-22.64
2024-06-16,-20.80
2024-06-16,-36.96
2024-06-17,112.59
2024-06-17,-26.12
2024-06-17,-25.65
2024-06-18,115.70
2024-06-18,-30.60
2024-06-18,-30.50
2024-06-18,-48.40
2024-06-19,118.81
2024-06-19,-34.08
2024-06-19,-35.35
2024-06-20,121.92
2024-06-20,-38.56
2024-06-20,-40.20
2024-06-20,-60.84
2024-06-21,124.03
2024-06-21,-42.04
2024-06-21,-45.05
2024-06-22,127.14
2024-06-22,-46.52
2024-06-22,-50.90
2024-06-22,-72.28
2024-06-23,130.25
2024-06-23,-50.00
2024-06-23,-55.75
2024-06-24,133.36
2024-06-24,-54.48
2024-06-24,-5.60
2024-06-24,26.72
2024-06-25,136.47
2024-06-25,-58.96
2024-06-25,-10.45
2024-06-26,139.58
2024-06-26,-62.44
2024-06-26,-15.30
2024-06-26,-26.16
2024-06-27,142.69
2024-06-27,-66.92
2024-06-27,-20.15
2024-06-28,145.80
2024-06-28,-70.40
2024-06-28,-25.00
2024-06-28,-38.60
2024-06-29,148.91
2024-06-29,-74.88
2024-06-29,-30.85
2024-06-30,151.02
2024-06-30,-78.36
2024-06-30,-35.70
2024-06-30,-50.04
2024-07-01,154.13
2024-07-01,-82.84
2024-07-01,-40.55
2024-07-02,157.24
2024-07-02,-86.32
2024-07-02,-45.40
2024-07-02,-62.48
2024-07-03,160.35
2024-07-03,-90.80
2024-07-03,-50.25
2024-07-04,163.46
2024-07-04,-94.28
2024-07-04,-55.10
2024-07-04,86.92
2024-07-05,166.57
2024-07-05,-98.76
2024-07-05,-5.95
2024-07-06,169.68
2024-07-06,-102.24
2024-07-06,-10.80
2024-07-06,-16.36
2024-07-07,172.79
2024-07-07,-106.72
2024-07-07,-15.65
2024-07-08,175.90
2024-07-08,-15.20
2024-07-08,-20.50
2024-07-08,-28.80
2024-07-09,178.01
2024-07-09,-19.68
2024-07-09,-25.35
2024-07-10,181.12
2024-07-10,-23.16
2024-07-10,-30.20
2024-07-10,-40.24
2024-07-11,184.23
2024-07-11,-27.64
2024-07-11,-35.05
2024-07-12,187.34
2024-07-12,-31.12
2024-07-12,-40.90
2024-07-12,-52.68
2024-07-13,190.45
2024-07-13,-35.60
2024-07-13,-45.75
2024-07-14,193.56
2024-07-14,-39.08
2024-07-14,-50.60
2024-07-14,16.12
2024-07-15,196.67
2024-07-15,-43.56
2024-07-15,-55.45
2024-07-16,199.78
2024-07-16,-47.04
2024-07-16,-5.30
2024-07-16,-76.56
2024-07-17,202.89
2024-07-17,-51.52
2024-07-17,-10.15
2024-07-18,205.00
2024-07-18,-55.00
2024-07-18,-15.00
2024-07-18,-18.00
2024-07-19,208.11
2024-07-19,-59.48
2024-07-19,-20.85
2024-07-20,211.22
2024-07-20,-63.96
2024-07-20,-25.70
2024-07-20,-30.44
2024-07-21,214.33
2024-07-21,-67.44
2024-07-21,-30.55
2024-07-22,217.44
2024-07-22,-71.92
2024-07-22,-35.40
2024-07-22,-42.88
2024-07-23,220.55
2024-07-23,-75.40
2024-07-23,-40.25
2024-07-24,223.66
2024-07-24,-79.88
2024-07-24,-45.10
2024-07-24,76.32
2024-07-25,226.77
2024-07-25,-83.36
2024-07-25,-50.95
2024-07-26,229.88
2024-07-26,-87.84
2024-07-26,-55.80
2024-07-26,-66.76
2024-07-27,232.99
2024-07-27,-91.32
2024-07-27,-5.65
2024-07-28,235.10
2024-07-28,-95.80
2024-07-28,-10.50
2024-07-28,-8.20
2024-07-29,238.21
2024-07-29,-99.28
2024-07-29,-15.35
2024-07-30,241.32
2024-07-30,-103.76
2024-07-30,-20.20
2024-07-30,-20.64
2024-07-31,244.43
2024-07-31,-107.24
2024-07-31,-25.05
2024-08-01,247.54
2024-08-01,-16.72
2024-08-01,-30.90
2024-08-01,-32.08
2024-08-02,250.65
2024-08-02,-20.20
2024-08-02,-35.75
2024-08-03,253.76
2024-08-03,-24.68
2024-08-03,-40.60
2024-08-03,136.52
2024-08-04,256.87
2024-08-04,-28.16
2024-08-04,-45.45
2024-08-05,259.98
2024-08-05,-32.64
2024-08-05,-50.30
2024-08-05,-56.96
2024-08-06,262.09
2024-08-06,-36.12
2024-08-06,-55.15
2024-08-07,265.20
2024-08-07,-40.60
2024-08-07,-5.00
2024-08-07,-68.40
2024-08-08,268.31
2024-08-08,-44.08
2024-08-08,-10.85
2024-08-09,271.42
2024-08-09,-48.56
2024-08-09,-15.70
2024-08-09,-10.84
2024-08-10,274.53
2024-08-10,-52.04
2024-08-10,-20.55
2024-08-11,277.64
2024-08-11,-56.52
2024-08-11,-25.40
2024-08-11,-22.28
2024-08-12,280.75
2024-08-12,-60.00
2024-08-12,-30.25
2024-08-13,283.86
2024-08-13,-64.48
2024-08-13,-35.10
2024-08-13,66.72
2024-08-14,286.97
2024-08-14,-68.96
2024-08-14,-40.95
2024-08-15,289.08
2024-08-15,-72.44
2024-08-15,-45.80
2024-08-15,-46.16
2024-08-16,292.19
2024-08-16,-76.92
2024-08-16,-50.65
2024-08-17,295.30
2024-08-17,-80.40
2024-08-17,-55.50
2024-08-17,-58.60
2024-08-18,298.41
2024-08-18,-84.88
2024-08-18,-5.35
2024-08-19,301.52
2024-08-19,-88.36
2024-08-19,-10.20
2024-08-19,-70.04
2024-08-20,304.63
2024-08-20,-92.84
2024-08-20,-15.05
2024-08-21,307.74
2024-08-21,-96.32
2024-08-21,-20.90
2024-08-21,-12.48
2024-08-22,310.85
2024-08-22,-100.80
2024-08-22,-25.75
2024-08-23,313.96
2024-08-23,-104.28
2024-08-23,-30.60
2024-08-23,126.92
2024-08-24,316.07
2024-08-24,-108.76
2024-08-24,-35.45
2024-08-25,319.18
2024-08-25,-17.24
2024-08-25,-40.30
2024-08-25,-36.36
2024-08-26,322.29
2024-08-26,-21.72
2024-08-26,-45.15
2024-08-27,85.40
2024-08-27,-25.20
2024-08-27,-50.00
2024-08-27,-48.80
2024-08-28,88.51
2024-08-28,-29.68
2024-08-28,-55.85
2024-08-29,91.62
2024-08-29,-33.16
2024-08-29,-5.70
2024-08-29,-60.24
2024-08-30,94.73
2024-08-30,-37.64
2024-08-30,-10.55
2024-08-31,97.84
2024-08-31,-41.12
2024-08-31,-15.40
2024-08-31,-72.68
2024-09-01,100.95
2024-09-01,-45.60
2024-09-01,-20.25
2024-09-02,103.06
2024-09-02,-49.08
2024-09-02,-25.10
2024-09-02,56.12
2024-09-03,106.17
2024-09-03,-53.56
2024-09-03,-30.95
2024-09-04,109.28
2024-09-04,-57.04
2024-09-04,-35.80
2024-09-04,-26.56
2024-09-05,112.39
2024-09-05,-61.52
2024-09-05,-40.65
2024-09-06,115.50
2024-09-06,-65.00
2024-09-06,-45.50
2024-09-06,-38.00
2024-09-07,118.61
2024-09-07,-69.48
2024-09-07,-50.35
2024-09-08,121.72
2024-09-08,-73.96
2024-09-08,-55.20
2024-09-08,-50.44
2024-09-09,124.83
2024-09-09,-77.44
2024-09-09,-5.05
2024-09-10,127.94
2024-09-10,-81.92
2024-09-10,-10.90
2024-09-10,-62.88
2024-09-11,130.05
2024-09-11,-85.40
2024-09-11,-15.75
2024-09-12,133.16
2024-09-12,-89.88
2024-09-12,-20.60
2024-09-12,116.32
2024-09-13,136.27
2024-09-13,-93.36
2024-09-13,-25.45
2024-09-14,139.38
2024-09-14,-97.84
2024-09-14,-30.30
2024-09-14,-16.76
2024-09-15,142.49
2024-09-15,-101.32
2024-09-15,-35.15
2024-09-16,145.60
2024-09-16,-105.80
2024-09-16,-40.00
2024-09-16,-28.20
2024-09-17,148.71
2024-09-17,-109.28
2024-09-17,-45.85
2024-09-18,151.82
2024-09-18,-18.76
2024-09-18,-50.70
2024-09-18,-40.64
2024-09-19,154.93
2024-09-19,-22.24
2024-09-19,-55.55
2024-09-20,157.04
2024-09-20,-26.72
2024-09-20,-5.40
2024-09-20,-52.08
2024-09-21,160.15
2024-09-21,-30.20
2024-09-21,-10.25
2024-09-22,163.26
2024-09-22,-34.68
2024-09-22,-15.10
2024-09-22,46.52
2024-09-23,166.37
2024-09-23,-38.16
2024-09-23,-20.95
2024-09-24,169.48
2024-09-24,-42.64
2024-09-24,-25.80
2024-09-24,-76.96
2024-09-25,172.59
2024-09-25,-46.12
2024-09-25,-30.65
2024-09-26,175.70
2024-09-26,-50.60
2024-09-26,-35.50
2024-09-26,-18.40
2024-09-27,178.81
2024-09-27,-54.08
2024-09-27,-40.35
2024-09-28,181.92
2024-09-28,-58.56
2024-09-28,-45.20
2024-09-28,-30.84
2024-09-29,184.03
2024-09-29,-62.04
2024-09-29,-50.05
2024-09-30,187.14
2024-09-30,-66.52
2024-09-30,-55.90
2024-09-30,-42.28
2024-10-01,190.25
2024-10-01,-70.00
2024-10-01,-5.75
2024-10-02,193.36
2024-10-02,-74.48
2024-10-02,-10.60
2024-10-02,106.72
2024-10-03,196.47
2024-10-03,-78.96
2024-10-03,-15.45
2024-10-04,199.58
2024-10-04,-82.44
2024-10-04,-20.30
2024-10-04,-66.16
2024-10-05,202.69
2024-10-05,-86.92
2024-10-05,-25.15
2024-10-06,205.80
2024-10-06,-90.40
2024-10-06,-30.00
2024-10-06,-8.60
2024-10-07,208.91
2024-10-07,-94.88
2024-10-07,-35.85
2024-10-08,211.02
2024-10-08,-98.36
2024-10-08,-40.70
2024-10-08,-20.04
2024-10-09,214.13
2024-10-09,-102.84
2024-10-09,-45.55
2024-10-10,217.24
2024-10-10,-106.32
2024-10-10,-50.40
2024-10-10,-32.48
2024-10-11,220.35
2024-10-11,-15.80
2024-10-11,-55.25
2024-10-12,223.46
2024-10-12,-19.28
2024-10-12,-5.10
2024-10-12,36.92
2024-10-13,226.57
2024-10-13,-23.76
2024-10-13,-10.95
2024-10-14,229.68
2024-10-14,-27.24
2024-10-14,-15.80
2024-10-14,-56.36
2024-10-15,232.79
2024-10-15,-31.72
2024-10-15,-20.65
2024-10-16,235.90
2024-10-16,-35.20
2024-10-16,-25.50
2024-10-16,-68.80
2024-10-17,238.01
2024-10-17,-39.68
2024-10-17,-30.35
2024-10-18,241.12
2024-10-18,-43.16
2024-10-18,-35.20
2024-10-18,-10.24
2024-10-19,244.23
2024-10-19,-47.64
2024-10-19,-40.05
2024-10-20,247.34
2024-10-20,-51.12
2024-10-20,-45.90
2024-10-20,-22.68
2024-10-21,250.45
2024-10-21,-55.60
2024-10-21,-50.75
2024-10-22,253.56
2024-10-22,-59.08
2024-10-22,-55.60
2024-10-22,96.12
2024-10-23,256.67
2024-10-23,-63.56
2024-10-23,-5.45
2024-10-24,259.78
2024-10-24,-67.04
2024-10-24,-10.30
2024-10-24,-46.56
2024-10-25,262.89
2024-10-25,-71.52
2024-10-25,-15.15
2024-10-26,265.00
2024-10-26,-75.00
2024-10-26,-20.00
2024-10-26,-58.00
2024-10-27,268.11
2024-10-27,-79.48
2024-10-27,-25.85
2024-10-28,271.22
2024-10-28,-83.96
2024-10-28,-30.70
2024-10-28,-70.44
2024-10-29,274.33
2024-10-29,-87.44
2024-10-29,-35.55
2024-10-30,277.44
2024-10-30,-91.92
2024-10-30,-40.40
2024-10-30,-12.88
2024-10-31,280.55
2024-10-31,-95.40
2024-10-31,-45.25
2024-11-01,283.66
2024-11-01,-99.88
2024-11-01,-50.10
2024-11-01,26.32
2024-11-02,286.77
2024-11-02,-103.36
2024-11-02,-55.95
2024-11-03,289.88
2024-11-03,-107.84
2024-11-03,-5.80
2024-11-03,-36.76
2024-11-04,292.99
2024-11-04,-16.32
2024-11-04,-10.65
2024-11-05,295.10
2024-11-05,-20.80
2024-11-05,-15.50
2024-11-05,-48.20
2024-11-06,298.21
2024-11-06,-24.28
2024-11-06,-20.35
2024-11-07,301.32
2024-11-07,-28.76
2024-11-07,-25.20
2024-11-07,-60.64
2024-11-08,304.43
2024-11-08,-32.24
2024-11-08,-30.05
2024-11-09,307.54
2024-11-09,-36.72
2024-11-09,-35.90
2024-11-09,-72.08
2024-11-10,310.65
2024-11-10,-40.20
2024-11-10,-40.75
2024-11-11,313.76
2024-11-11,-44.68
2024-11-11,-45.60
2024-11-11,86.52
2024-11-12,316.87
2024-11-12,-48.16
2024-11-12,-50.45
2024-11-13,319.98
2024-11-13,-52.64
2024-11-13,-55.30
2024-11-13,-26.96
2024-11-14,322.09
2024-11-14,-56.12
2024-11-14,-5.15
2024-11-15,85.20
2024-11-15,-60.60
2024-11-15,-10.00
2024-11-15,-38.40
2024-11-16,88.31
2024-11-16,-64.08
2024-11-16,-15.85
2024-11-17,91.42
2024-11-17,-68.56
2024-11-17,-20.70
2024-11-17,-50.84
2024-11-18,94.53
2024-11-18,-72.04
2024-11-18,-25.55
2024-11-19,97.64
2024-11-19,-76.52
2024-11-19,-30.40
2024-11-19,-62.28
2024-11-20,100.75
2024-11-20,-80.00
2024-11-20,-35.25
2024-11-21,103.86
2024-11-21,-84.48
2024-11-21,-40.10
2024-11-21,16.72
2024-11-22,106.97
2024-11-22,-88.96
2024-11-22,-45.95
2024-11-23,109.08
2024-11-23,-92.44
2024-11-23,-50.80
2024-11-23,-16.16
2024-11-24,112.19
2024-11-24,-96.92
2024-11-24,-55.65
2024-11-25,115.30
2024-11-25,-100.40
2024-11-25,-5.50
2024-11-25,-28.60
2024-11-26,118.41
2024-11-26,-104.88
2024-11-26,-10.35
2024-11-27,121.52
2024-11-27,-108.36
2024-11-27,-15.20
2024-11-27,-40.04
2024-11-28,124.63
2024-11-28,-17.84
2024-11-28,-20.05
2024-11-29,127.74
2024-11-29,-21.32
2024-11-29,-25.90
2024-11-29,-52.48
2024-11-30,130.85
2024-11-30,-25.80
2024-11-30,-30.75
2024-12-01,133.96
2024-12-01,-29.28
2024-12-01,-35.60
2024-12-01,76.92
2024-12-02,136.07
2024-12-02,-33.76
2024-12-02,-40.45
2024-12-03,139.18
2024-12-03,-37.24
2024-12-03,-45.30
2024-12-03,-76.36
2024-12-04,142.29
2024-12-04,-41.72
2024-12-04,-50.15
2024-12-05,145.40
2024-12-05,-45.20
2024-12-05,-55.00
2024-12-05,-18.80
2024-12-06,148.51
2024-12-06,-49.68
2024-12-06,-5.85
2024-12-07,151.62
2024-12-07,-53.16
2024-12-07,-10.70
2024-12-07,-30.24
2024-12-08,154.73
2024-12-08,-57.64
2024-12-08,-15.55
2024-12-09,157.84
2024-12-09,-61.12
2024-12-09,-20.40
2024-12-09,-42.68
2024-12-10,160.95
2024-12-10,-65.60
2024-12-10,-25.25
2024-12-11,163.06
2024-12-11,-69.08
2024-12-11,-30.10
2024-12-11,136.12
2024-12-12,166.17
2024-12-12,-73.56
2024-12-12,-35.95
2024-12-13,169.28
2024-12-13,-77.04
2024-12-13,-40.80
2024-12-13,-66.56
2024-12-14,172.39
2024-12-14,-81.52
2024-12-14,-45.65
2024-12-15,175.50
2024-12-15,-85.00
2024-12-15,-50.50
2024-12-15,-8.00
2024-12-16,178.61
2024-12-16,-89.48
2024-12-16,-55.35
2024-12-17,181.72
2024-12-17,-93.96
2024-12-17,-5.20
2024-12-17,-20.44
2024-12-18,184.83
2024-12-18,-97.44
2024-12-18,-10.05
2024-12-19,187.94
2024-12-19,-101.92
2024-12-19,-15.90
2024-12-19,-32.88
2024-12-20,190.05
2024-12-20,-105.40
2024-12-20,-20.75
2024-12-21,193.16
2024-12-21,-109.88
2024-12-21,-25.60
2024-12-21,66.32
2024-12-22,196.27
2024-12-22,-18.36
2024-12-22,-30.45
2024-12-23,199.38
2024-12-23,-22.84
2024-12-23,-35.30
2024-12-23,-56.76
2024-12-24,202.49
2024-12-24,-26.32
2024-12-24,-40.15
2024-12-25,205.60
2024-12-25,-30.80
2024-12-25,-45.00
2024-12-25,-68.20
2024-12-26,208.71
2024-12-26,-34.28
2024-12-26,-50.85
2024-12-27,211.82
2024-12-27,-38.76
2024-12-27,-55.70
2024-12-27,-10.64
2024-12-28,214.93
2024-12-28,-42.24
2024-12-28,-5.55
2024-12-29,217.04
2024-12-29,-46.72
2024-12-29,-10.40
2024-12-29,-22.08
2024-12-30,220.15
2024-12-30,-50.20
2024-12-30,-15.25
2024-12-31,223.26
2024-12-31,-54.68
2024-12-31,-20.10
2024-12-31,126.52
2025-01-01,226.37
2025-01-01,-58.16
2025-01-01,-25.95
2025-01-02,229.48
2025-01-02,-62.64
2025-01-02,-30.80
2025-01-02,-46.96
2025-01-03,232.59
2025-01-03,-66.12
2025-01-03,-35.65
2025-01-04,235.70
2025-01-04,-70.60
2025-01-04,-40.50
2025-01-04,-58.40
2025-01-05,238.81
2025-01-05,-74.08
2025-01-05,-45.35
2025-01-06,241.92
2025-01-06,-78.56
2025-01-06,-50.20
2025-01-06,-70.84
2025-01-07,244.03
2025-01-07,-82.04
2025-01-07,-55.05
2025-01-08,247.14
2025-01-08,-86.52
2025-01-08,-5.90
2025-01-08,-12.28
2025-01-09,250.25
2025-01-09,-90.00
2025-01-09,-10.75
2025-01-10,253.36
2025-01-10,-94.48
2025-01-10,-15.60
2025-01-10,56.72
2025-01-11,256.47
2025-01-11,-98.96
2025-01-11,-20.45
2025-01-12,259.58
2025-01-12,-102.44
2025-01-12,-25.30
2025-01-12,-36.16
2025-01-13,262.69
2025-01-13,-106.92
2025-01-13,-30.15
2025-01-14,265.80
2025-01-14,-15.40
2025-01-14,-35.00
2025-01-14,-48.60
2025-01-15,268.91
2025-01-15,-19.88
2025-01-15,-40.85
2025-01-16,271.02
2025-01-16,-23.36
2025-01-16,-45.70
2025-01-16,-60.04
2025-01-17,274.13
2025-01-17,-27.84
2025-01-17,-50.55
2025-01-18,277.24
2025-01-18,-31.32
2025-01-18,-55.40
2025-01-18,-72.48
2025-01-19,280.35
2025-01-19,-35.80
2025-01-19,-5.25
2025-01-20,283.46
2025-01-20,-39.28
2025-01-20,-10.10
2025-01-20,116.92
2025-01-21,286.57
2025-01-21,-43.76
2025-01-21,-15.95
2025-01-22,289.68
2025-01-22,-47.24
2025-01-22,-20.80
2025-01-22,-26.36
2025-01-23,292.79
2025-01-23,-51.72
2025-01-23,-25.65
2025-01-24,295.90
2025-01-24,-55.20
2025-01-24,-30.50
2025-01-24,-38.80
2025-01-25,298.01
2025-01-25,-59.68
2025-01-25,-35.35
2025-01-26,301.12
2025-01-26,-63.16
2025-01-26,-40.20
2025-01-26,-50.24
2025-01-27,304.23
2025-01-27,-67.64
2025-01-27,-45.05
2025-01-28,307.34
2025-01-28,-71.12
2025-01-28,-50.90
2025-01-28,-62.68
2025-01-29,310.45
2025-01-29,-75.60
2025-01-29,-55.75
2025-01-30,313.56
2025-01-30,-79.08
2025-01-30,-5.60
2025-01-30,46.12
2025-01-31,316.67
2025-01-31,-83.56
2025-01-31,-10.45
2025-02-01,319.78
2025-02-01,-87.04
2025-02-01,-15.30
2025-02-01,-16.56
2025-02-02,322.89
2025-02-02,-91.52
2025-02-02,-20.15
2025-02-03,85.00
2025-02-03,-95.00
2025-02-03,-25.00
2025-02-03,-28.00
2025-02-04,88.11
2025-02-04,-99.48
2025-02-04,-30.85
2025-02-05,91.22
2025-02-05,-103.96
2025-02-05,-35.70
2025-02-05,-40.44
2025-02-06,94.33
2025-02-06,-107.44
2025-02-06,-40.55
2025-02-07,97.44
2025-02-07,-16.92
2025-02-07,-45.40
2025-02-07,-52.88
2025-02-08,100.55
2025-02-08,-20.40
2025-02-08,-50.25
2025-02-09,103.66
2025-02-09,-24.88
2025-02-09,-55.10
2025-02-09,106.32
2025-02-10,106.77
2025-02-10,-28.36
2025-02-10,-5.95
2025-02-11,109.88
2025-02-11,-32.84
2025-02-11,-10.80
2025-02-11,-76.76
2025-02-12,112.99
2025-02-12,-36.32
2025-02-12,-15.65
2025-02-13,115.10
2025-02-13,-40.80
2025-02-13,-20.50
2025-02-13,-18.20
2025-02-14,118.21
2025-02-14,-44.28
2025-02-14,-25.35
2025-02-15,121.32
2025-02-15,-48.76
2025-02-15,-30.20
2025-02-15,-30.64
2025-02-16,124.43
2025-02-16,-52.24
2025-02-16,-35.05
2025-02-17,127.54
2025-02-17,-56.72
2025-02-17,-40.90
2025-02-17,-42.08
2025-02-18,130.65
2025-02-18,-60.20
2025-02-18,-45.75
2025-02-19,133.76
2025-02-19,-64.68
2025-02-19,-50.60
2025-02-19,36.52
2025-02-20,136.87
2025-02-20,-68.16
2025-02-20,-55.45
2025-02-21,139.98
2025-02-21,-72.64
2025-02-21,-5.30
2025-02-21,-66.96
2025-02-22,142.09
2025-02-22,-76.12
2025-02-22,-10.15
2025-02-23,145.20
2025-02-23,-80.60
2025-02-23,-15.00
2025-02-23,-8.40
2025-02-24,148.31
2025-02-24,-84.08
2025-02-24,-20.85
2025-02-25,151.42
2025-02-25,-88.56
2025-02-25,-25.70
2025-02-25,-20.84
2025-02-26,154.53
2025-02-26,-92.04
2025-02-26,-30.55
2025-02-27,157.64
2025-02-27,-96.52
2025-02-27,-35.40
2025-02-27,-32.28
2025-02-28,160.75
2025-02-28,-100.00
2025-02-28,-40.25
2025-03-01,163.86
2025-03-01,-104.48
2025-03-01,-45.10
2025-03-01,96.72
2025-03-02,166.97
2025-03-02,-108.96
2025-03-02,-50.95
2025-03-03,169.08
2025-03-03,-17.44
2025-03-03,-55.80
2025-03-03,-56.16
2025-03-04,172.19
2025-03-04,-21.92
2025-03-04,-5.65
2025-03-05,175.30
2025-03-05,-25.40
2025-03-05,-10.50
2025-03-05,-68.60
2025-03-06,178.41
2025-03-06,-29.88
2025-03-06,-15.35
2025-03-07,181.52
2025-03-07,-33.36
2025-03-07,-20.20
2025-03-07,-10.04
2025-03-08,184.63
2025-03-08,-37.84
2025-03-08,-25.05
2025-03-09,187.74
2025-03-09,-41.32
2025-03-09,-30.90
2025-03-09,-22.48
2025-03-10,190.85
2025-03-10,-45.80
2025-03-10,-35.75
2025-03-11,193.96
2025-03-11,-49.28
2025-03-11,-40.60
2025-03-11,26.92
2025-03-12,196.07
2025-03-12,-53.76
2025-03-12,-45.45
2025-03-13,199.18
2025-03-13,-57.24
2025-03-13,-50.30
2025-03-13,-46.36
2025-03-14,202.29
2025-03-14,-61.72
2025-03-14,-55.15
2025-03-15,205.40
2025-03-15,-65.20
2025-03-15,-5.00
2025-03-15,-58.80
2025-03-16,208.51
2025-03-16,-69.68
2025-03-16,-10.85
2025-03-17,211.62
2025-03-17,-73.16
2025-03-17,-15.70
2025-03-17,-70.24
2025-03-18,214.73
2025-03-18,-77.64
2025-03-18,-20.55
2025-03-19,217.84
2025-03-19,-81.12
2025-03-19,-25.40
2025-03-19,-12.68
2025-03-20,220.95
2025-03-20,-85.60
2025-03-20,-30.25
2025-03-21,223.06
2025-03-21,-89.08
2025-03-21,-35.10
2025-03-21,86.12
2025-03-22,226.17
2025-03-22,-93.56
2025-03-22,-40.95
2025-03-23,229.28
2025-03-23,-97.04
2025-03-23,-45.80
2025-03-23,-36.56
2025-03-24,232.39
2025-03-24,-101.52
2025-03-24,-50.65
2025-03-25,235.50
2025-03-25,-105.00
2025-03-25,-55.50
2025-03-25,-48.00
2025-03-26,238.61
2025-03-26,-109.48
2025-03-26,-5.35
2025-03-27,241.72
2025-03-27,-18.96
2025-03-27,-10.20
2025-03-27,-60.44
2025-03-28,244.83
2025-03-28,-22.44
2025-03-28,-15.05
2025-03-29,247.94
2025-03-29,-26.92
2025-03-29,-20.90
2025-03-29,-72.88
2025-03-30,250.05
2025-03-30,-30.40
2025-03-30,-25.75
2025-03-31,253.16
2025-03-31,-34.88
2025-03-31,-30.60
2025-03-31,16.32
2025-04-01,256.27
2025-04-01,-38.36
2025-04-01,-35.45
2025-04-02,259.38
2025-04-02,-42.84
2025-04-02,-40.30
2025-04-02,-26.76
2025-04-03,262.49
2025-04-03,-46.32
2025-04-03,-45.15
2025-04-04,265.60
2025-04-04,-50.80
2025-04-04,-50.00
2025-04-04,-38.20
2025-04-05,268.71
2025-04-05,-54.28
2025-04-05,-55.85
2025-04-06,271.82
2025-04-06,-58.76
2025-04-06,-5.70
2025-04-06,-50.64
2025-04-07,274.93
2025-04-07,-62.24
2025-04-07,-10.55
2025-04-08,277.04
2025-04-08,-66.72
2025-04-08,-15.40
2025-04-08,-62.08
2025-04-09,280.15
2025-04-09,-70.20
2025-04-09,-20.25
2025-04-10,283.26
2025-04-10,-74.68
2025-04-10,-25.10
2025-04-10,76.52
2025-04-11,286.37
2025-04-11,-78.16
2025-04-11,-30.95
2025-04-12,289.48
2025-04-12,-82.64
2025-04-12,-35.80
2025-04-12,-16.96
2025-04-13,292.59
2025-04-13,-86.12
2025-04-13,-40.65
2025-04-14,295.70
2025-04-14,-90.60
2025-04-14,-45.50
2025-04-14,-28.40
2025-04-15,298.81
2025-04-15,-94.08
2025-04-15,-50.35
2025-04-16,301.92
2025-04-16,-98.56
2025-04-16,-55.20
2025-04-16,-40.84
2025-04-17,304.03
2025-04-17,-102.04
2025-04-17,-5.05
2025-04-18,307.14
2025-04-18,-106.52
2025-04-18,-10.90
2025-04-18,-52.28
2025-04-19,310.25
2025-04-19,-15.00
2025-04-19,-15.75
2025-04-20,313.36
2025-04-20,-19.48
2025-04-20,-20.60
2025-04-20,136.72
2025-04-21,316.47
2025-04-21,-23.96
2025-04-21,-25.45
2025-04-22,319.58
2025-04-22,-27.44
2025-04-22,-30.30
2025-04-22,-76.16
2025-04-23,322.69
2025-04-23,-31.92
2025-04-23,-35.15
2025-04-24,85.80
2025-04-24,-35.40
2025-04-24,-40.00
2025-04-24,-18.60
2025-04-25,88.91
2025-04-25,-39.88
2025-04-25,-45.85
2025-04-26,91.02
2025-04-26,-43.36
2025-04-26,-50.70
2025-04-26,-30.04
2025-04-27,94.13
2025-04-27,-47.84
2025-04-27,-55.55
2025-04-28,97.24
2025-04-28,-51.32
2025-04-28,-5.40
2025-04-28,-42.48
2025-04-29,100.35
2025-04-29,-55.80
2025-04-29,-10.25
2025-04-30,103.46
2025-04-30,-59.28
2025-04-30,-15.10
2025-04-30,66.92
2025-05-01,106.57
2025-05-01,-63.76
2025-05-01,-20.95
2025-05-02,109.68
2025-05-02,-67.24
2025-05-02,-25.80
2025-05-02,-66.36
2025-05-03,112.79
2025-05-03,-71.72
2025-05-03,-30.65
2025-05-04,115.90
2025-05-04,-75.20
2025-05-04,-35.50
2025-05-04,-8.80
2025-05-05,118.01
2025-05-05,-79.68
2025-05-05,-40.35
2025-05-06,121.12
2025-05-06,-83.16
2025-05-06,-45.20
2025-05-06,-20.24
2025-05-07,124.23
2025-05-07,-87.64
2025-05-07,-50.05
2025-05-08,127.34
2025-05-08,-91.12
2025-05-08,-55.90
2025-05-08,-32.68
2025-05-09,130.45
2025-05-09,-95.60
2025-05-09,-5.75
2025-05-10,133.56
2025-05-10,-99.08
2025-05-10,-10.60
2025-05-10,126.12
2025-05-11,136.67
2025-05-11,-103.56
2025-05-11,-15.45
2025-05-12,139.78
2025-05-12,-107.04
2025-05-12,-20.30
2025-05-12,-56.56
2025-05-13,142.89
2025-05-13,-16.52
2025-05-13,-25.15
2025-05-14,145.00
2025-05-14,-20.00
2025-05-14,-30.00
2025-05-14,-68.00
2025-05-15,148.11
2025-05-15,-24.48
2025-05-15,-35.85
2025-05-16,151.22
2025-05-16,-28.96
2025-05-16,-40.70
2025-05-16,-10.44
2025-05-17,154.33
2025-05-17,-32.44
2025-05-17,-45.55
2025-05-18,157.44
2025-05-18,-36.92
2025-05-18,-50.40
2025-05-18,-22.88
2025-05-19,160.55
2025-05-19,-40.40
2025-05-19,-55.25
2025-05-20,163.66
2025-05-20,-44.88
2025-05-20,-5.10
2025-05-20,56.32
2025-05-21,166.77
2025-05-21,-48.36
2025-05-21,-10.95
2025-05-22,169.88
2025-05-22,-52.84
2025-05-22,-15.80
2025-05-22,-46.76
2025-05-23,172.99
2025-05-23,-56.32
2025-05-23,-20.65
2025-05-24,175.10
2025-05-24,-60.80
2025-05-24,-25.50
2025-05-24,-58.20
2025-05-25,178.21
2025-05-25,-64.28
2025-05-25,-30.35
2025-05-26,181.32
2025-05-26,-68.76
2025-05-26,-35.20
2025-05-26,-70.64
2025-05-27,184.43
2025-05-27,-72.24
2025-05-27,-40.05
2025-05-28,187.54
2025-05-28,-76.72
2025-05-28,-45.90
2025-05-28,-12.08
2025-05-29,190.65
2025-05-29,-80.20
2025-05-29,-50.75
2025-05-30,193.76
2025-05-30,-84.68
2025-05-30,-55.60
2025-05-30,116.52
2025-05-31,196.87
2025-05-31,-88.16
2025-05-31,-5.45
2025-06-01,199.98
2025-06-01,-92.64
2025-06-01,-10.30
2025-06-01,-36.96
2025-06-02,202.09
2025-06-02,-96.12
2025-06-02,-15.15
2025-06-03,205.20
2025-06-03,-100.60
2025-06-03,-20.00
2025-06-03,-48.40
2025-06-04,208.31
2025-06-04,-104.08
2025-06-04,-25.85
2025-06-05,211.42
2025-06-05,-108.56
2025-06-05,-30.70
2025-06-05,-60.84
2025-06-06,214.53
2025-06-06,-17.04
2025-06-06,-35.55
2025-06-07,217.64
2025-06-07,-21.52
2025-06-07,-40.40
2025-06-07,-72.28
2025-06-08,220.75
2025-06-08,-25.00
2025-06-08,-45.25
2025-06-09,223.86
2025-06-09,-29.48
2025-06-09,-50.10
2025-06-09,46.72
2025-06-10,226.97
2025-06-10,-33.96
2025-06-10,-55.95
2025-06-11,229.08
2025-06-11,-37.44
2025-06-11,-5.80
2025-06-11,-26.16
2025-06-12,232.19
2025-06-12,-41.92
2025-06-12,-10.65
2025-06-13,235.30
2025-06-13,-45.40
2025-06-13,-15.50
2025-06-13,-38.60
2025-06-14,238.41
2025-06-14,-49.88
2025-06-14,-20.35
2025-06-15,241.52
2025-06-15,-53.36
2025-06-15,-25.20
2025-06-15,-50.04
2025-06-16,244.63
2025-06-16,-57.84
2025-06-16,-30.05
2025-06-17,247.74
2025-06-17,-61.32
2025-06-17,-35.90
2025-06-17,-62.48
2025-06-18,250.85
2025-06-18,-65.80
2025-06-18,-40.75
2025-06-19,253.96
2025-06-19,-69.28
2025-06-19,-45.60
2025-06-19,106.92
2025-06-20,256.07
2025-06-20,-73.76
2025-06-20,-50.45
2025-06-21,259.18
2025-06-21,-77.24
2025-06-21,-55.30
2025-06-21,-16.36
2025-06-22,262.29
2025-06-22,-81.72
2025-06-22,-5.15
2025-06-23,265.40
2025-06-23,-85.20
2025-06-23,-10.00
2025-06-23,-28.80
2025-06-24,268.51
2025-06-24,-89.68
2025-06-24,-15.85
2025-06-25,271.62
2025-06-25,-93.16
2025-06-25,-20.70
2025-06-25,-40.24
2025-06-26,274.73
2025-06-26,-97.64
2025-06-26,-25.55
2025-06-27,277.84
2025-06-27,-101.12
2025-06-27,-30.40
2025-06-27,-52.68
2025-06-28,280.95
2025-06-28,-105.60
2025-06-28,-35.25
2025-06-29,283.06
2025-06-29,-109.08
2025-06-29,-40.10
2025-06-29,36.12
2025-06-30,286.17
2025-06-30,-18.56
2025-06-30,-45.95
2025-07-01,289.28
2025-07-01,-22.04
2025-07-01,-50.80
2025-07-01,-76.56
2025-07-02,292.39
2025-07-02,-26.52
2025-07-02,-55.65
2025-07-03,295.50
2025-07-03,-30.00
2025-07-03,-5.50
2025-07-03,-18.00
2025-07-04,298.61
2025-07-04,-34.48
2025-07-04,-10.35
2025-07-05,301.72
2025-07-05,-38.96
2025-07-05,-15.20
2025-07-05,-30.44
2025-07-06,304.83
2025-07-06,-42.44
2025-07-06,-20.05
2025-07-07,307.94
2025-07-07,-46.92
2025-07-07,-25.90
2025-07-07,-42.88
2025-07-08,310.05
2025-07-08,-50.40
2025-07-08,-30.75
2025-07-09,313.16
2025-07-09,-54.88
2025-07-09,-35.60
2025-07-09,96.32
2025-07-10,316.27
2025-07-10,-58.36
2025-07-10,-40.45
2025-07-11,319.38
2025-07-11,-62.84
2025-07-11,-45.30
2025-07-11,-66.76
2025-07-12,322.49
2025-07-12,-66.32
2025-07-12,-50.15
2025-07-13,85.60
2025-07-13,-70.80
2025-07-13,-55.00
2025-07-13,-8.20
2025-07-14,88.71
2025-07-14,-74.28
2025-07-14,-5.85
2025-07-15,91.82
2025-07-15,-78.76
2025-07-15,-10.70
2025-07-15,-20.64
2025-07-16,94.93
2025-07-16,-82.24
2025-07-16,-15.55
2025-07-17,97.04
2025-07-17,-86.72
2025-07-17,-20.40
2025-07-17,-32.08
2025-07-18,100.15
2025-07-18,-90.20
2025-07-18,-25.25
2025-07-19,103.26
2025-07-19,-94.68
2025-07-19,-30.10
2025-07-19,26.52
2025-07-20,106.37
2025-07-20,-98.16
2025-07-20,-35.95
2025-07-21,109.48
2025-07-21,-102.64
2025-07-21,-40.80
2025-07-21,-56.96
2025-07-22,112.59
2025-07-22,-106.12
2025-07-22,-45.65
2025-07-23,115.70
2025-07-23,-15.60
2025-07-23,-50.50
2025-07-23,-68.40
2025-07-24,118.81
2025-07-24,-19.08
2025-07-24,-55.35
2025-07-25,121.92
2025-07-25,-23.56
2025-07-25,-5.20
2025-07-25,-10.84
2025-07-26,124.03
2025-07-26,-27.04
2025-07-26,-10.05
2025-07-27,127.14
2025-07-27,-31.52
2025-07-27,-15.90
2025-07-27,-22.28
2025-07-28,130.25
2025-07-28,-35.00
2025-07-28,-20.75
2025-07-29,133.36
2025-07-29,-39.48
2025-07-29,-25.60
2025-07-29,86.72
2025-07-30,136.47
2025-07-30,-43.96
2025-07-30,-30.45
2025-07-31,139.58
2025-07-31,-47.44
2025-07-31,-35.30
2025-07-31,-46.16
2025-08-01,142.69
2025-08-01,-51.92
2025-08-01,-40.15
2025-08-02,145.80
2025-08-02,-55.40
2025-08-02,-45.00
2025-08-02,-58.60
2025-08-03,148.91
2025-08-03,-59.88
2025-08-03,-50.85
2025-08-04,151.02
2025-08-04,-63.36
2025-08-04,-55.70
2025-08-04,-70.04
2025-08-05,154.13
2025-08-05,-67.84
2025-08-05,-5.55
2025-08-06,157.24
2025-08-06,-71.32
2025-08-06,-10.40
2025-08-06,-12.48
2025-08-07,160.35
2025-08-07,-75.80
2025-08-07,-15.25
2025-08-08,163.46
2025-08-08,-79.28
2025-08-08,-20.10
2025-08-08,16.92
2025-08-09,166.57
2025-08-09,-83.76
2025-08-09,-25.95
2025-08-10,169.68
2025-08-10,-87.24
2025-08-10,-30.80
2025-08-10,-36.36
2025-08-11,172.79
2025-08-11,-91.72
2025-08-11,-35.65
2025-08-12,175.90
2025-08-12,-95.20
2025-08-12,-40.50
2025-08-12,-48.80
2025-08-13,178.01
2025-08-13,-99.68
2025-08-13,-45.35
2025-08-14,181.12
2025-08-14,-103.16
2025-08-14,-50.20
2025-08-14,-60.24
2025-08-15,184.23
2025-08-15,-107.64
2025-08-15,-55.05
2025-08-16,187.34
2025-08-16,-16.12
2025-08-16,-5.90
2025-08-16,-72.68
2025-08-17,190.45
2025-08-17,-20.60
2025-08-17,-10.75
2025-08-18,193.56
2025-08-18,-24.08
2025-08-18,-15.60
2025-08-18,76.12
2025-08-19,196.67
2025-08-19,-28.56
2025-08-19,-20.45
2025-08-20,199.78
2025-08-20,-32.04
2025-08-20,-25.30
2025-08-20,-26.56
2025-08-21,202.89
2025-08-21,-36.52
2025-08-21,-30.15
2025-08-22,205.00
2025-08-22,-40.00
2025-08-22,-35.00
2025-08-22,-38.00
2025-08-23,208.11
2025-08-23,-44.48
2025-08-23,-40.85
2025-08-24,211.22
2025-08-24,-48.96
2025-08-24,-45.70
2025-08-24,-50.44
2025-08-25,214.33
2025-08-25,-52.44
2025-08-25,-50.55
2025-08-26,217.44
2025-08-26,-56.92
2025-08-26,-55.40
2025-08-26,-62.88
2025-08-27,220.55
2025-08-27,-60.40
2025-08-27,-5.25
2025-08-28,223.66
2025-08-28,-64.88
2025-08-28,-10.10
2025-08-28,136.32
2025-08-29,226.77
2025-08-29,-68.36
2025-08-29,-15.95
2025-08-30,229.88
2025-08-30,-72.84
2025-08-30,-20.80
2025-08-30,-16.76
2025-08-31,232.99
2025-08-31,-76.32
2025-08-31,-25.65
2025-09-01,235.10
2025-09-01,-80.80
2025-09-01,-30.50
2025-09-01,-28.20
2025-09-02,238.21
2025-09-02,-84.28
2025-09-02,-35.35
2025-09-03,241.32
2025-09-03,-88.76
2025-09-03,-40.20
2025-09-03,-40.64
2025-09-04,244.43
2025-09-04,-92.24
2025-09-04,-45.05
2025-09-05,247.54
2025-09-05,-96.72
2025-09-05,-50.90
2025-09-05,-52.08
2025-09-06,250.65
2025-09-06,-100.20
2025-09-06,-55.75
2025-09-07,253.76
2025-09-07,-104.68
2025-09-07,-5.60
2025-09-07,66.52
2025-09-08,256.87
2025-09-08,-108.16
2025-09-08,-10.45
2025-09-09,259.98
2025-09-09,-17.64
2025-09-09,-15.30
2025-09-09,-76.96
2025-09-10,262.09
2025-09-10,-21.12
2025-09-10,-20.15
2025-09-11,265.20
2025-09-11,-25.60
2025-09-11,-25.00
2025-09-11,-18.40
2025-09-12,268.31
2025-09-12,-29.08
2025-09-12,-30.85
2025-09-13,271.42
2025-09-13,-33.56
2025-09-13,-35.70
2025-09-13,-30.84
2025-09-14,274.53
2025-09-14,-37.04
2025-09-14,-40.55
2025-09-15,277.64
2025-09-15,-41.52
2025-09-15,-45.40
2025-09-15,-42.28
2025-09-16,280.75
2025-09-16,-45.00
2025-09-16,-50.25
2025-09-17,283.86
2025-09-17,-49.48
2025-09-17,-55.10
2025-09-17,126.72
2025-09-18,286.97
2025-09-18,-53.96
2025-09-18,-5.95
2025-09-19,289.08
2025-09-19,-57.44
2025-09-19,-10.80
2025-09-19,-66.16
2025-09-20,292.19
2025-09-20,-61.92
2025-09-20,-15.65
2025-09-21,295.30
2025-09-21,-65.40
2025-09-21,-20.50
2025-09-21,-8.60
2025-09-22,298.41
2025-09-22,-69.88
2025-09-22,-25.35
2025-09-23,301.52
2025-09-23,-73.36
2025-09-23,-30.20
2025-09-23,-20.04
2025-09-24,304.63
2025-09-24,-77.84
2025-09-24,-35.05
2025-09-25,307.74
2025-09-25,-81.32
2025-09-25,-40.90
2025-09-25,-32.48
2025-09-26,310.85
2025-09-26,-85.80
2025-09-26,-45.75
2025-09-27,313.96
2025-09-27,-89.28
2025-09-27,-50.60
2025-09-27,56.92
2025-09-28,316.07
2025-09-28,-93.76
2025-09-28,-55.45
2025-09-29,319.18
2025-09-29,-97.24
2025-09-29,-5.30
2025-09-29,-56.36
2025-09-30,322.29
2025-09-30,-101.72
2025-09-30,-10.15
2025-10-01,85.40
2025-10-01,-105.20
2025-10-01,-15.00
2025-10-01,-68.80
2025-10-02,88.51
2025-10-02,-109.68
2025-10-02,-20.85
2025-10-03,91.62
2025-10-03,-18.16
2025-10-03,-25.70
2025-10-03,-10.24
2025-10-04,94.73
2025-10-04,-22.64
2025-10-04,-30.55
2025-10-05,97.84
2025-10-05,-26.12
2025-10-05,-35.40
2025-10-05,-22.68
2025-10-06,100.95
2025-10-06,-30.60
2025-10-06,-40.25
2025-10-07,103.06
2025-10-07,-34.08
2025-10-07,-45.10
2025-10-07,116.12
2025-10-08,106.17
2025-10-08,-38.56
2025-10-08,-50.95
2025-10-09,109.28
2025-10-09,-42.04
2025-10-09,-55.80
2025-10-09,-46.56
2025-10-10,112.39
2025-10-10,-46.52
2025-10-10,-5.65
2025-10-11,115.50
2025-10-11,-50.00
2025-10-11,-10.50
2025-10-11,-58.00
2025-10-12,118.61
2025-10-12,-54.48
2025-10-12,-15.35
2025-10-13,121.72
2025-10-13,-58.96
2025-10-13,-20.20
2025-10-13,-70.44
2025-10-14,124.83
2025-10-14,-62.44
2025-10-14,-25.05
2025-10-15,127.94
2025-10-15,-66.92
2025-10-15,-30.90
2025-10-15,-12.88
2025-10-16,130.05
2025-10-16,-70.40
2025-10-16,-35.75
2025-10-17,133.16
2025-10-17,-74.88
2025-10-17,-40.60
2025-10-17,46.32
2025-10-18,136.27
2025-10-18,-78.36
2025-10-18,-45.45
2025-10-19,139.38
2025-10-19,-82.84
2025-10-19,-50.30
2025-10-19,-36.76
2025-10-20,142.49
2025-10-20,-86.32
2025-10-20,-55.15
2025-10-21,145.60
2025-10-21,-90.80
2025-10-21,-5.00
2025-10-21,-48.20
2025-10-22,148.71
2025-10-22,-94.28
2025-10-22,-10.85
2025-10-23,151.82
2025-10-23,-98.76
2025-10-23,-15.70
2025-10-23,-60.64
2025-10-24,154.93
2025-10-24,-102.24
2025-10-24,-20.55
2025-10-25,157.04
2025-10-25,-106.72
2025-10-25,-25.40
2025-10-25,-72.08
2025-10-26,160.15
2025-10-26,-15.20
2025-10-26,-30.25
2025-10-27,163.26
2025-10-27,-19.68
2025-10-27,-35.10
2025-10-27,106.52
2025-10-28,166.37
2025-10-28,-23.16
2025-10-28,-40.95
2025-10-29,169.48
2025-10-29,-27.64
2025-10-29,-45.80
2025-10-29,-26.96
2025-10-30,172.59
2025-10-30,-31.12
2025-10-30,-50.65
2025-10-31,175.70
2025-10-31,-35.60
2025-10-31,-55.50
2025-10-31,-38.40
2025-11-01,178.81
2025-11-01,-39.08
2025-11-01,-5.35
2025-11-02,181.92
2025-11-02,-43.56
2025-11-02,-10.20
2025-11-02,-50.84
2025-11-03,184.03
2025-11-03,-47.04
2025-11-03,-15.05
2025-11-04,187.14
2025-11-04,-51.52
2025-11-04,-20.90
2025-11-04,-62.28
2025-11-05,190.25
2025-11-05,-55.00
2025-11-05,-25.75
2025-11-06,193.36
2025-11-06,-59.48
2025-11-06,-30.60
2025-11-06,36.72
2025-11-07,196.47
2025-11-07,-63.96
2025-11-07,-35.45
2025-11-08,199.58
2025-11-08,-67.44
2025-11-08,-40.30
2025-11-08,-16.16
2025-11-09,202.69
2025-11-09,-71.92
2025-11-09,-45.15
2025-11-10,205.80
2025-11-10,-75.40
2025-11-10,-50.00
2025-11-10,-28.60
2025-11-11,208.91
2025-11-11,-79.88
2025-11-11,-55.85
2025-11-12,211.02
2025-11-12,-83.36
2025-11-12,-5.70
2025-11-12,-40.04
2025-11-13,214.13
2025-11-13,-87.84
2025-11-13,-10.55
2025-11-14,217.24
2025-11-14,-91.32
2025-11-14,-15.40
2025-11-14,-52.48
2025-11-15,220.35
2025-11-15,-95.80
2025-11-15,-20.25
2025-11-16,223.46
2025-11-16,-99.28
2025-11-16,-25.10
2025-11-16,96.92
2025-11-17,226.57
2025-11-17,-103.76
2025-11-17,-30.95
2025-11-18,229.68
2025-11-18,-107.24
2025-11-18,-35.80
2025-11-18,-76.36
2025-11-19,232.79
2025-11-19,-16.72
2025-11-19,-40.65
2025-11-20,235.90
2025-11-20,-20.20
2025-11-20,-45.50
2025-11-20,-18.80
2025-11-21,238.01
2025-11-21,-24.68
2025-11-21,-50.35
2025-11-22,241.12
2025-11-22,-28.16
2025-11-22,-55.20
2025-11-22,-30.24
2025-11-23,244.23
2025-11-23,-32.64
2025-11-23,-5.05
2025-11-24,247.34
2025-11-24,-36.12
2025-11-24,-10.90
2025-11-24,-42.68
2025-11-25,250.45
2025-11-25,-40.60
2025-11-25,-15.75
2025-11-26,253.56
2025-11-26,-44.08
2025-11-26,-20.60
2025-11-26,26.12
2025-11-27,256.67
2025-11-27,-48.56
2025-11-27,-25.45
2025-11-28,259.78
2025-11-28,-52.04
2025-11-28,-30.30
2025-11-28,-66.56
2025-11-29,262.89
2025-11-29,-56.52
2025-11-29,-35.15
2025-11-30,265.00
2025-11-30,-60.00
2025-11-30,-40.00
2025-11-30,-8.00
2025-12-01,268.11
2025-12-01,-64.48
2025-12-01,-45.85
2025-12-02,271.22
2025-12-02,-68.96
2025-12-02,-50.70
2025-12-02,-20.44
2025-12-03,274.33
2025-12-03,-72.44
2025-12-03,-55.55
2025-12-04,277.44
2025-12-04,-76.92
2025-12-04,-5.40
2025-12-04,-32.88
2025-12-05,280.55
2025-12-05,-80.40
2025-12-05,-10.25
2025-12-06,283.66
2025-12-06,-84.88
2025-12-06,-15.10
2025-12-06,86.32
2025-12-07,286.77
2025-12-07,-88.36
2025-12-07,-20.95
2025-12-08,289.88
2025-12-08,-92.84
2025-12-08,-25.80
2025-12-08,-56.76
2025-12-09,292.99
2025-12-09,-96.32
2025-12-09,-30.65
2025-12-10,295.10
2025-12-10,-100.80
2025-12-10,-35.50
2025-12-10,-68.20
2025-12-11,298.21
2025-12-11,-104.28
2025-12-11,-40.35
2025-12-12,301.32
2025-12-12,-108.76
2025-12-12,-45.20
2025-12-12,-10.64
2025-12-13,304.43
2025-12-13,-17.24
2025-12-13,-50.05
2025-12-14,307.54
2025-12-14,-21.72
2025-12-14,-55.90
2025-12-14,-22.08
2025-12-15,310.65
2025-12-15,-25.20
2025-12-15,-5.75
2025-12-16,313.76
2025-12-16,-29.68
2025-12-16,-10.60
2025-12-16,16.52
2025-12-17,316.87
2025-12-17,-33.16
2025-12-17,-15.45
2025-12-18,319.98
2025-12-18,-37.64
2025-12-18,-20.30
2025-12-18,-46.96
2025-12-19,322.09
2025-12-19,-41.12
2025-12-19,-25.15
2025-12-20,85.20
2025-12-20,-45.60
2025-12-20,-30.00
2025-12-20,-58.40
2025-12-21,88.31
2025-12-21,-49.08
2025-12-21,-35.85
2025-12-22,91.42
2025-12-22,-53.56
2025-12-22,-40.70
2025-12-22,-70.84
2025-12-23,94.53
2025-12-23,-57.04
2025-12-23,-45.55
2025-12-24,97.64
2025-12-24,-61.52
2025-12-24,-50.40
2025-12-24,-12.28
2025-12-25,100.75
2025-12-25,-65.00
2025-12-25,-55.25
2025-12-26,103.86
2025-12-26,-69.48
2025-12-26,-5.10
2025-12-26,76.72
2025-12-27,106.97
2025-12-27,-73.96
2025-12-27,-10.95
2025-12-28,109.08
2025-12-28,-77.44
2025-12-28,-15.80
2025-12-28,-36.16
2025-12-29,112.19
2025-12-29,-81.92
2025-12-29,-20.65
2025-12-30,115.30
2025-12-30,-85.40
2025-12-30,-25.50
2025-12-30,-48.60
2025-12-31,118.41
2025-12-31,-89.88
2025-12-31,-30.35
